<?xml version="1.0" encoding="UTF-8"?>
<Configuration status="INFO" strict="true"
	name="XMLConfigTest" packages="org.apache.logging.log4j.test">
	<Properties>
		<Property name="filename">target/test.log</Property>
	</Properties>
	<Filter type="ThresholdFilter" level="trace" />

	<Appenders>
		<Appender type="Console" name="STDOUT">
			<Layout type="PatternLayout" pattern="%m MDC%X%n" />
			<Filters>
				<Filter type="MarkerFilter" marker="FLOW" onMatch="DENY"
					onMismatch="NEUTRAL" />
				<Filter type="MarkerFilter" marker="EXCEPTION" onMatch="DENY"
					onMismatch="ACCEPT" />
			</Filters>
		</Appender>
		<Appender type="Console" name="FLOW">
			<Layout type="PatternLayout" pattern="%C{1}.%M %m %ex%n" /><!-- 
				class and line number -->
			<Filters>
				<Filter type="MarkerFilter" marker="FLOW" onMatch="ACCEPT"
					onMismatch="NEUTRAL" />
				<Filter type="MarkerFilter" marker="EXCEPTION"
					onMatch="ACCEPT" onMismatch="DENY" />
			</Filters>
		</Appender>
		<Appender type="File" name="File" fileName="${filename}">
			<Layout type="PatternLayout">
				<Pattern>%d %p %C{1.} [%t] %m%n</Pattern>
			</Layout>
		</Appender>
	</Appenders>

	<Loggers>
		<Logger name="org.apache.logging.log4j.test1" level="info"
			additivity="false">
			<Filter type="ThreadContextMapFilter">
				<KeyValuePair key="test" value="123" />
			</Filter>
			<AppenderRef ref="STDOUT" />
		</Logger>

		<Logger name="org.apache.logging.log4j.test2" level="debug"
			additivity="false">
			<AppenderRef ref="File" />
		</Logger>

		<Root level="INFO">
			<AppenderRef ref="STDOUT" />
		</Root>
	</Loggers>

</Configuration>